{
  "backend": "openrouter",
  "converter_metadata": {
    "algorithm": "exact-fit+nearest+deaa",
    "aspect_ratio": 6.0,
    "fit": {
      "content_bbox": [
        7,
        343,
        1010,
        295
      ],
      "final_size": [
        384,
        64
      ],
      "fit_mode": "pad",
      "pad_box": [
        82,
        0,
        83,
        0
      ],
      "raw_size": [
        1024,
        1024
      ],
      "scale_applied": [
        0.21694915254237288,
        0.21694915254237288
      ],
      "visible_bbox": [
        82,
        0,
        219,
        64
      ]
    },
    "height": 64,
    "palette_used": [
      [
        15,
        15,
        27
      ],
      [
        86,
        90,
        117
      ],
      [
        198,
        183,
        190
      ],
      [
        250,
        246,
        246
      ],
      [
        244,
        158,
        76
      ],
      [
        171,
        82,
        54
      ],
      [
        191,
        38,
        82
      ],
      [
        116,
        35,
        60
      ],
      [
        59,
        23,
        37
      ],
      [
        115,
        23,
        45
      ],
      [
        180,
        32,
        42
      ],
      [
        223,
        113,
        38
      ],
      [
        238,
        156,
        36
      ],
      [
        248,
        200,
        60
      ],
      [
        78,
        131,
        57
      ],
      [
        44,
        74,
        46
      ],
      [
        32,
        57,
        79
      ],
      [
        37,
        86,
        116
      ],
      [
        87,
        115,
        153
      ],
      [
        150,
        178,
        197
      ],
      [
        161,
        210,
        224
      ],
      [
        107,
        62,
        117
      ],
      [
        144,
        94,
        169
      ],
      [
        168,
        132,
        243
      ]
    ],
    "size": 64,
    "unique_colors": 20,
    "width": 384
  },
  "fit_metadata": {
    "content_bbox": [
      7,
      343,
      1010,
      295
    ],
    "final_size": [
      384,
      64
    ],
    "fit_mode": "pad",
    "pad_box": [
      82,
      0,
      83,
      0
    ],
    "raw_size": [
      1024,
      1024
    ],
    "scale_applied": [
      0.21694915254237288,
      0.21694915254237288
    ],
    "visible_bbox": [
      82,
      0,
      219,
      64
    ]
  },
  "generator_metadata": {
    "cost_usd": 0.231767,
    "latency_ms": 156416,
    "model": "openai/gpt-5.4-image-2-20260421",
    "raw_request": {
      "messages": [
        {
          "content": [
            {
              "text": "Render a wide horizontal subject that fills the frame left-to-right with thin margins top and bottom. Style: bold flat 2D character sprite designed to remain readable at very low resolutions (32-64 pixels). Use large areas of solid color with clear boundaries - no gradients, no photorealistic shading, no fine textures. Strong recognizable silhouette against a solid cyan #00FFFF background. The background must be one uniform color fill - no gradient, no shading, no shadow cast on the background, no texture. Only the background pixels use this color; the subject should not contain this color. Thick dark outlines defining the form. Limited distinctive color palette. Center the full-body subject, front-facing or 3/4 view, filling most of the frame. Square aspect ratio. No text, no logos, no watermarks.\n\nSubject: six compact animal kung-fu school pictograms in one horizontal sprite sheet, equal-width cells, transparent background, VINIK24 pixel art, 24px legibility, bold silhouettes, 1-2px dark ink stroke, 2px safe padding, Bear Ox Crane Swallow Snake Eagle in that order. no anti-alias blur, no off-palette colors, no painterly gradients, no unreadable micro-detail, no text labels, no fake UI\n",
              "type": "text"
            }
          ],
          "role": "user"
        }
      ],
      "modalities": [
        "image",
        "text"
      ],
      "model": "openai/gpt-5.4-image-2",
      "size": "1536x1024"
    },
    "request_id": "gen-1783058773-YBrE6BThmszJcij5K3hy",
    "usage": {
      "completion_tokens": 7297,
      "completion_tokens_details": {
        "audio_tokens": 0,
        "image_tokens": 7024,
        "reasoning_tokens": 0
      },
      "cost": 0.231767,
      "cost_details": {
        "upstream_inference_completions_cost": 0.214815,
        "upstream_inference_cost": 0.231767,
        "upstream_inference_prompt_cost": 0.016952
      },
      "is_byok": false,
      "prompt_tokens": 2119,
      "prompt_tokens_details": {
        "audio_tokens": 0,
        "cache_write_tokens": 0,
        "cached_tokens": 0,
        "video_tokens": 0
      },
      "total_tokens": 9416
    }
  },
  "removal_applied": true,
  "removal_metadata": {
    "chroma_hex": "#00FFFF",
    "chroma_ratio": 0.8363561630249023,
    "flood_fill_ratio": 0.0,
    "strategy": "chroma-key",
    "style_preset": "sprite-v1-chroma"
  },
  "request": {
    "chroma_hex": null,
    "fit_mode": "pad",
    "height": 64,
    "model": "openai/gpt-5.4-image-2",
    "palette": "vinik24",
    "prompt": "six compact animal kung-fu school pictograms in one horizontal sprite sheet, equal-width cells, transparent background, VINIK24 pixel art, 24px legibility, bold silhouettes, 1-2px dark ink stroke, 2px safe padding, Bear Ox Crane Swallow Snake Eagle in that order. no anti-alias blur, no off-palette colors, no painterly gradients, no unreadable micro-detail, no text labels, no fake UI",
    "remove_bg": true,
    "size": 256,
    "style_preset": "sprite-v1",
    "width": 384
  },
  "transparent_fraction": 0.6721598307291666
}